1. Move dump school66 to your local mysql database school66

- git clone https://github.com/Cursoreducation/python-Batwing-advanced.git
- sudo mysql -u root -p
- CREATE DATABASE school66;
- EXIT;
- sudo mysql -u root -p school66 < school66.sql 
- sudo mysql -u root -p
- USE DATABASE school66

2. Create table level (В якому класі студент 10, 11) and make relation with students.

- CREATE TABLE level (id INT PRIMARY KEY AUTO_INCREMENT, grade CHAR(255));
- INSERT INTO level (grade) VALUES (10), (11);
- ALTER TABLE students ADD COLUMN level_id INT;
- UPDATE students SET level_id=1 WHERE id=1 OR id=4;
- UPDATE students SET level_id=2 WHERE id=2 OR id=3;
- SELECT s.first_name, s.last_name, l.grade FROM students s INNER JOIN level l ON s.level_id=l.id;
  +------------+-----------+-------+
  | first_name | last_name | grade |
  +------------+-----------+-------+
  | Ivan       | Pidhaynuy | 10    |
  | Petro      | Pravdoryb | 11    |
  | Yuriy      | Skobylko  | 11    |
  | Liubomyr   | Luzhnyi   | 10    |
  +------------+-----------+-------+
  4 rows in set (0,00 sec)

3. Make query which select all students with teacher, levels and lessons

- SELECT students.first_name, students.last_name, teachers.name AS teachers_name, level.grade, lessons.name AS lesson FROM students INNER JOIN students_lessons ON students.id=students_lessons.student_id INNER JOIN lessons ON lessons.id=students_lessons.lesson_id INNER JOIN teachers ON lessons.id=teachers.lesson_id INNER JOIN level ON students.level_id=level.id;
  +------------+-----------+----------------------+-------+---------+
  | first_name | last_name | teachers_name        | grade | lesson  |
  +------------+-----------+----------------------+-------+---------+
  | Petro      | Pravdoryb | Margaryta Ivanivna   | 11    | Math    |
  | Yuriy      | Skobylko  | Margaryta Ivanivna   | 11    | Math    |
  | Liubomyr   | Luzhnyi   | Yulia Liubomyrivna   | 10    | IT      |
  | Ivan       | Pidhaynuy | Yulia Liubomyrivna   | 10    | IT      |
  | Liubomyr   | Luzhnyi   | Roskolana Stepanivna | 10    | Biology |
  | Yuriy      | Skobylko  | Roskolana Stepanivna | 11    | Biology |
  | Petro      | Pravdoryb | Roskolana Stepanivna | 11    | Biology |
  | Liubomyr   | Luzhnyi   | Kateryna Yuriivna    | 10    | Biology |
  | Yuriy      | Skobylko  | Kateryna Yuriivna    | 11    | Biology |
  | Petro      | Pravdoryb | Kateryna Yuriivna    | 11    | Biology |
  +------------+-----------+----------------------+-------+---------+
  10 rows in set (0,00 sec)

4. All queries write to the file and attach to trello task

